EVGAGeForceGTX1080FTWGAMINGACX3.008G-P4-6286-KRBOX&ACCESSORIESONLY,30.0,http://www.ebay.com/itm/EVGA-GeForce-GTX-1080-FTW-GAMING-ACX-3-0-08G-P4-6286-KR-BOX-ACCESSORIES-ONLY-/262951157120?hash=item3d391c3d80:g:oeUAAOSw2gxY1T7-
GIGABYTEGeForceGTX1080G1GamingGV-N1080G1GAMING-8GDVideoCard,72.0,http://www.ebay.com/itm/GIGABYTE-GeForce-GTX-1080-G1-Gaming-GV-N1080G1-GAMING-8GD-Video-Card-/322524340131?hash=item4b17f2dfa3:g:LbkAAOSwi7RZFiY3
EVGANVIDIAGeForceGTX1080FoundersEditionVideoCardGPU08G-P4-6180-KR,81.0,http://www.ebay.com/itm/EVGA-NVIDIA-GeForce-GTX-1080-Founders-Edition-Video-Card-GPU-08G-P4-6180-KR-/272681128906?hash=item3f7d0fd3ca:g:MW4AAOSwhvFZIeu7
AQUACOMPUTERKRYOGRAPHICSPASCAL23645FORGTX10804260073419444,89.99,http://www.ebay.com/itm/AQUACOMPUTER-KRYOGRAPHICS-PASCAL-23645-FOR-GTX1080-4260073419444-/322468355811?hash=item4b149c9ee3:g:4mwAAOSwuLZY3W8g
EVGANVIDIAGeForceGTX1080FoundersEditionVideoCardGPU08G-P4-6180-KR,151.0,http://www.ebay.com/itm/EVGA-NVIDIA-GeForce-GTX-1080-Founders-Edition-Video-Card-GPU-08G-P4-6180-KR-/272681129370?hash=item3f7d0fd59a:g:MW4AAOSwhvFZIeu7
GigabyteGTX1080OC,202.5,http://www.ebay.com/itm/Gigabyte-GTX-1080-OC-/322524654191?hash=item4b17f7aa6f:g:d68AAOSwrhBZIjH0
GIGABYTEGeForceGTX1080G1GamingGV-N1080G1GAMING-8GD,211.5,http://www.ebay.com/itm/GIGABYTE-GeForce-GTX-1080-G1-Gaming-GV-N1080G1-GAMING-8GD-/132199918727?hash=item1ec7baac87:g:fa4AAOSwn-tZIfIA
ASUSSTRIX-GTX1080-O8G-GAMINGBLOCK,207.06,http://www.ebay.com/itm/ASUS-STRIX-GTX1080-O8G-GAMING-BLOCK-/122500371441?hash=item1c859753f1:g:qdkAAOSw~y9ZIkZ6
EVGAGeForceGTX1080SCGAMING08G-P4-6183-KR8GBGDDR5XACX3.0&LED,235.5,http://www.ebay.com/itm/EVGA-GeForce-GTX-1080-SC-GAMING-08G-P4-6183-KR-8GB-GDDR5X-ACX-3-0-LED-/262996730388?hash=item3d3bd3a214:g:EmYAAOSwtZJY~uLH
EVGAGeForceGTX1080FTWGAMINGACX3.08GBGDDR5X,235.0,http://www.ebay.com/itm/EVGA-GeForce-GTX-1080-FTW-GAMING-ACX-3-0-8GB-GDDR5X-/162523595104?hash=item25d7294160:g:o1UAAOSw42dZCSSZ
EVGAGeForceGTX1080FTWGAMINGACX3.08GBGDDR5X,242.5,http://www.ebay.com/itm/EVGA-GeForce-GTX-1080-FTW-GAMING-ACX-3-0-8GB-GDDR5X-/162523593892?hash=item25d7293ca4:g:o1UAAOSw42dZCSSZ
ASUSROGGeForceGTX1080STRIXOCEdition,279.0,http://www.ebay.com/itm/ASUS-ROG-GeForce-GTX-1080-STRIX-OC-Edition-/322524032493?hash=item4b17ee2ded:g:UXcAAOSwGJlZIZOm
NIVIDIAGTX1080GRAPHICSCARD,300.0,http://www.ebay.com/itm/NIVIDIA-GTX-1080-GRAPHICS-CARD-/132199104221?hash=item1ec7ae3edd:g:yugAAOSwAPVZINEO
GIGABYTEGeForceGTX1080G1Gaming,300.0,http://www.ebay.com/itm/GIGABYTE-GeForce-GTX-1080-G1-Gaming-/222519817482?hash=item33cf36f50a:g:TaAAAOSwfRdZIk6-
NVIDIAGTX1080FOUNDERSEDITIONHYBRIDLIQUIDCOOLED,297.0,http://www.ebay.com/itm/NVIDIA-GTX-1080-FOUNDERS-EDITION-HYBRID-LIQUID-COOLED-/122508543619?hash=item1c86140683:g:8VwAAOSwX61ZEzsS
GigabyteGeForceGTX1080FoundersEditionGraphicCardGV-N1080D5X-8GD-B,297.0,http://www.ebay.com/itm/Gigabyte-GeForce-GTX-1080-Founders-Edition-Graphic-Card-GV-N1080D5X-8GD-B-/252948331376?hash=item3ae4e53b70:g:~YQAAOSwX9FZH9Ue
EVGAGeForceGTX1080FTW08G-P4-6286-KR,305.0,http://www.ebay.com/itm/EVGA-GeForce-GTX-1080-FTW-08G-P4-6286-KR-/222517234157?hash=item33cf0f89ed:g:buEAAOSwcB5ZH2VO
EVGAGeForceGTX1080FTWGamingACX3.0,310.0,http://www.ebay.com/itm/EVGA-GeForce-GTX-1080-FTW-Gaming-ACX-3-0-/322522231744?hash=item4b17d2b3c0:g:JcIAAOSws5pZHzpp
PNYGTX10808GBFoundersEditionPCI-EVideoCard,350.0,http://www.ebay.com/itm/PNY-GTX-1080-8GB-Founders-Edition-PCI-E-Video-Card-/152556870842?hash=item2385191cba:g:nF0AAOSww9xZIiyu
NewASUSGeForceGTX10808GBROGSTRIXA8GGreatOverclocker!,333.0,http://www.ebay.com/itm/New-ASUS-GeForce-GTX-1080-8GB-ROG-STRIX-A8G-Great-Overclocker-/262994508305?hash=item3d3bb1ba11:g:I84AAOSw5cRZH7gq
NvidiaGTX1080FoundersEdition,350.0,http://www.ebay.com/itm/Nvidia-GTX-1080-Founders-Edition-/322524643263?hash=item4b17f77fbf:g:JRsAAOSw~y9ZIjKt
EVGAGeForceGTX1080FoundersEdition8GBGDDR5XLEDDX12OSD,353.0,http://www.ebay.com/itm/EVGA-GeForce-GTX-1080-Founders-Edition-8GB-GDDR5X-LED-DX12-OSD-/152553172369?hash=item2384e0ad91:g:bc8AAOSwH09ZHeQV
EVGAGeForceGTX10808GBFTWDTGAMINGACX3.0w/AdjustableRGBLEDGraphics,350.0,http://www.ebay.com/itm/EVGA-GeForce-GTX-1080-8GB-FTW-DT-GAMING-ACX-3-0-w-Adjustable-RGB-LED-Graphics-/282485796225?hash=item41c5772d81:g:7dcAAOSwPh5ZHil2
NVidiaASUSGeForceGTX10808GBROGSTRIXVideoCard(STRIX-GTX1080-A8G-GAMING),354.0,http://www.ebay.com/itm/NVidia-ASUS-GeForce-GTX-1080-8GB-ROG-STRIX-Video-Card-STRIX-GTX1080-A8G-GAMING-/282485478000?hash=item41c5725270:g:kKwAAOSwAPVZHyRd
GigabyteGeforceGTX1080XtremeGamingWaterForceEdition,375.0,http://www.ebay.com/itm/Gigabyte-Geforce-GTX-1080-Xtreme-Gaming-WaterForce-Edition-/262996682904?hash=item3d3bd2e898:g:kxwAAOSw-K9ZIZ0W
MSIGeForceGTX1080FoundersEdition,365.0,http://www.ebay.com/itm/MSI-GeForce-GTX-1080-Founders-Edition-/361984305200?hash=item5447f22830:g:3JgAAOSwsXFZHvjA
EVGAGeForceGTX1080FTWGAMING08G-P4-6286-KR8GBGDDR5XACX3.0&RGBLED,379.99,http://www.ebay.com/itm/EVGA-GeForce-GTX-1080-FTW-GAMING-08G-P4-6286-KR-8GB-GDDR5X-ACX-3-0-RGB-LED-/112414369462?hash=item1a2c6b26b6:g:ksoAAOSwAPVZIS9Q
EVGAGTX1080FoundersEdition8GBGDDR5XGraphicsCard,383.0,http://www.ebay.com/itm/EVGA-GTX-1080-Founders-Edition-8GB-GDDR5X-Graphics-Card-/112412601952?hash=item1a2c502e60:g:JnwAAOSw42JZHtw5
PNYNVIDIAGeForceGTX1080FOUNDERSEDITIONVCGGTX10808PB-CG8GBVRREADYCARD,365.0,http://www.ebay.com/itm/PNY-NVIDIA-GeForce-GTX-1080-FOUNDERS-EDITION-VCGGTX10808PB-CG-8GB-VR-READY-CARD-/162518269596?hash=item25d6d7fe9c:g:UR8AAOSwxu5ZGzip
GigabyteGeForceGTXGV-N1080G1GAMING-8GDVideoGraphicsCards,395.0,http://www.ebay.com/itm/Gigabyte-GeForce-GTX-GV-N1080G1-GAMING-8GD-Video-Graphics-Cards-/352060978298?hash=item51f878347a:g:~hAAAOSwX9FZHIXi
NVidiaGeForceGTX1080Founder'sEdition,395.0,http://www.ebay.com/itm/NVidia-GeForce-GTX-1080-Founders-Edition-/112410907910?hash=item1a2c365506:g:hzoAAOSwurZZHO1Z
GIGABYTEGeForceGTX1080G18GDGamingGV-N1080G1GAMINGVideoGraphicsCard,400.0,http://www.ebay.com/itm/GIGABYTE-GeForce-GTX-1080-G1-8GD-Gaming-GV-N1080G1-GAMING-Video-Graphics-Card-/272675804055?hash=item3f7cbe9397:g:bkAAAOSwq1JZDkwq
MSIGeforceGTX1080Armor8GOC(FreeFastShipping!)(GeatCondition!),400.0,http://www.ebay.com/itm/MSI-Geforce-GTX-1080-Armor-8G-OC-Free-Fast-Shipping-Geat-Condition-/272681194736?hash=item3f7d10d4f0:g:MyQAAOSwuMZZE8ab
MSIVideoCardGTX1080ARMOR8GOCGeforceGTX10808GBGDDR5X256BitPCI,404.0,http://www.ebay.com/itm/MSI-Video-Card-GTX-1080-ARMOR-8G-OC-Geforce-GTX-1080-8GB-GDDR5X-256Bit-PCI-/162519858349?hash=item25d6f03cad:g:apEAAOSwTM5Y8WA5
EVGAGTX1080-08G-P4-6286-KR,399.0,http://www.ebay.com/itm/EVGA-GTX-1080-08G-P4-6286-KR-/142389447282?hash=item2127128a72:g:TpkAAOSw1WJZHM5j
MSIGTX1080GamingX,405.0,http://www.ebay.com/itm/MSI-GTX-1080-Gaming-X-/292117848066?hash=item440394a002:g:3UYAAOSwjqVZD~yw
GigabyteGTX1080XtremeGamingPremiumPackGV-N1080XTREME-8GD-PP,405.0,http://www.ebay.com/itm/Gigabyte-GTX-1080-Xtreme-Gaming-Premium-Pack-GV-N1080XTREME-8GD-PP-/302314077063?hash=item466352bb87:g:EEIAAOSwfRdZFUWO
MSIGTX1080GamingX,410.0,http://www.ebay.com/itm/MSI-GTX-1080-Gaming-X-/292117846239?hash=item44039498df:g:giMAAOSwuMZZD~-X
ASUSGeForceGTX1080Turbo8GBGDDR5XPCIeGraphicsCard,425.0,http://www.ebay.com/itm/ASUS-GeForce-GTX-1080-Turbo-8GB-GDDR5X-PCIe-Graphics-Card-/182583840643?hash=item2a82d84f83:g:hx8AAOSwrhBZH4mG
CHICAGOPICKUP-GigabyteGTX1080G1,425.0,http://www.ebay.com/itm/CHICAGO-PICKUP-Gigabyte-GTX-1080-G1-/332226686827?hash=item4d5a40ef6b:g:~ZQAAOSwlMFZHiga
AsusROGSTRIXGeForceGTX1080STRIX-GTX1080-A8G-GAMING,415.0,http://www.ebay.com/itm/Asus-ROG-STRIX-GeForce-GTX-1080-STRIX-GTX1080-A8G-GAMING-/252944327275?hash=item3ae4a8226b:g:bkAAAOSwjqVZHRyu
EVGAGeForceGTX1080SCGAMINGACX3.08GBGDDR5XLEDDX12OSDSupport(PXOC,430.0,http://www.ebay.com/itm/EVGA-GeForce-GTX-1080-SC-GAMING-ACX-3-0-8GB-GDDR5X-LED-DX12-OSD-Support-PXOC-/282484770003?hash=item41c56784d3:g:nmMAAOSwfpVZGp8-
NvidiaGeForceGTX1080FoundersEdition,405.0,http://www.ebay.com/itm/Nvidia-GeForce-GTX-1080-Founders-Edition-/282482620699?hash=item41c546b91b:g:FGAAAOSwaeRZHJPm
msigtx1080,425.0,http://www.ebay.com/itm/msi-gtx-1080-/252950754210?hash=item3ae50a33a2:g:9~sAAOSwCQZZIdSf
EVGANvidiaGeForceGTX1080FTW8GB08G-P4-6286-KR,445.99,http://www.ebay.com/itm/EVGA-Nvidia-GeForce-GTX-1080-FTW-8GB-08G-P4-6286-KR-/232344702650?hash=item3618d2ceba:g:GPIAAOSwCQZZIlBY
MSIVideoCardGTX1080ARMOR8GOCGeforceGTX10808GBGDDR5X256BitPCI,449.0,http://www.ebay.com/itm/MSI-Video-Card-GTX-1080-ARMOR-8G-OC-Geforce-GTX-1080-8GB-GDDR5X-256Bit-PCI-/122505278775?hash=item1c85e23537:g:apEAAOSwTM5Y8WA5
eVGAVideoCard08G-P4-5182-KRGTX1080SC8GBGDDR5X256Bit,449.99,http://www.ebay.com/itm/eVGA-Video-Card-08G-P4-5182-KR-GTX-1080-SC-8GB-GDDR5X-256Bit-/162517286393?hash=item25d6c8fdf9:g:K4kAAOSwzqFY-pQO
PNYNvidiaGeForceGTX1080FoundersEdition-NEW/SEALED,450.0,http://www.ebay.com/itm/PNY-Nvidia-GeForce-GTX-1080-Founders-Edition-NEW-SEALED-/272670097575?hash=item3f7c6780a7:g:ejAAAOSwrhBZCjCm
EVGAGeForceGTX1080FTWGAMINGACX3.08GBGDDR5XRGBLEDDX12OSDsupport,450.0,http://www.ebay.com/itm/EVGA-GeForce-GTX-1080-FTW-GAMING-ACX-3-0-8GB-GDDR5X-RGB-LED-DX12-OSD-support-/122506655609?hash=item1c85f73779:g:zdIAAOSwxu5ZIJJg
EVGANvidiaGeForceGTX1080GAMING08G-P4-5180-RX8GBGDDR5XBlowerStyle,443.99,http://www.ebay.com/itm/EVGA-Nvidia-GeForce-GTX-1080-GAMING-08G-P4-5180-RX-8GB-GDDR5X-Blower-Style-/112404035409?hash=item1a2bcd7751:g:4WgAAOSwIQdZFK9k
MSIGeforceGTX1080ARMOR8GOCWithOriginalpackagingandReceipt,455.0,http://www.ebay.com/itm/MSI-Geforce-GTX-1080-ARMOR-8G-OC-With-Original-packaging-and-Receipt-/201925252501?hash=item2f03aed595:g:DBMAAOSw1WJZGnYW
EVGAGeForceGTX108008G-P4-6286-RXFTWGAMINGACX3.08GBGDDR5XRGBLED10,459.99,http://www.ebay.com/itm/EVGA-GeForce-GTX-1080-08G-P4-6286-RX-FTW-GAMING-ACX-3-0-8GB-GDDR5X-RGB-LED-10-/381981156030?hash=item58efd9e2be:g:zCMAAOSwfVpYsXeU
NVIDIAGEFORCEGTX1080FoundersEdition8GBGDDR5XGraphicsCardInBox,450.0,http://www.ebay.com/itm/NVIDIA-GEFORCE-GTX-1080-Founders-Edition-8GB-GDDR5X-Graphics-Card-In-Box-/132199709081?hash=item1ec7b77999:g:hu4AAOSwjqVZIbeC
NVIDIAGEFORCEGTX1080FoundersEdition8GBGDDR5XGraphicsCardInBox,450.0,http://www.ebay.com/itm/NVIDIA-GEFORCE-GTX-1080-Founders-Edition-8GB-GDDR5X-Graphics-Card-In-Box-/132199714352?hash=item1ec7b78e30:g:w1gAAOSwxu5ZIbyC
GeForceGTX1080GIGABYTEG1Gaming8GGraphicsCard-GV-N1080G1GAMING-8GD,449.99,http://www.ebay.com/itm/GeForce-GTX-1080-GIGABYTE-G1-Gaming-8G-Graphics-Card-GV-N1080G1-GAMING-8GD-/292125368393?hash=item4404076049:g:gVAAAOSwrhBZIdqi
GTX1080nVIDIA,449.99,http://www.ebay.com/itm/GTX-1080-nVIDIA-/262991408811?hash=item3d3b826eab:g:gksAAOSwsXFZHVAo
ASUSTurboGeForceGTX1080,464.99,http://www.ebay.com/itm/ASUS-Turbo-GeForce-GTX-1080-/292121573494?hash=item4403cd7876:g:FucAAOSwZ4dZHaRX
*BRANDNEW*-NvidiaGeForceGTX1080,450.0,http://www.ebay.com/itm/BRAND-NEW-Nvidia-GeForce-GTX-1080-/142389677957?hash=item2127160f85:g:TB8AAOSww5NZBjUB
EVGAGeForceGTX1080FTW08G-P4-6286-KRGAMING8GBGDDR5XRGBLED,469.0,http://www.ebay.com/itm/EVGA-GeForce-GTX-1080-FTW-08G-P4-6286-KR-GAMING-8GB-GDDR5X-RGB-LED-/122508419409?hash=item1c86122151:g:cRcAAOSwZ4dZHGva
NEWNVIDIAGeForceGTX1080FOUNDERSEDITIONVideoGraphicsCardFACTORYSEALED!,469.95,http://www.ebay.com/itm/NEW-NVIDIA-GeForce-GTX-1080-FOUNDERS-EDITION-Video-Graphics-Card-FACTORY-SEALED-/272681403358?hash=item3f7d1403de:g:TDMAAOSwAPVZIjqo
AsusTURBO-GTX1080-8GGeForceGTX10808GBTurboPartNo90YV09S0-M0NA00,469.99,http://www.ebay.com/itm/Asus-TURBO-GTX1080-8G-GeForce-GTX1080-8GB-Turbo-Part-No-90YV09S0-M0NA00-/361974646652?hash=item54475ec77c:g:avEAAOSwX61ZEM73
EVGAGeForceGTX1080SCGAMING08G-P4-6183-KR8GBGDDR5XACX3.0&LED,450.0,http://www.ebay.com/itm/EVGA-GeForce-GTX-1080-SC-GAMING-08G-P4-6183-KR-8GB-GDDR5X-ACX-3-0-LED-/262964590358?hash=item3d39e93716:g:uaQAAOSwjqVZCT6M
GeForceGTX1080GIGABYTEG1Gaming8GGraphicsCard-GV-N1080G1GAMING-8GD,470.0,http://www.ebay.com/itm/GeForce-GTX-1080-GIGABYTE-G1-Gaming-8G-Graphics-Card-GV-N1080G1-GAMING-8GD-/252944570359?hash=item3ae4abd7f7:g:BxYAAOSwZ4dZHUwN
EVGAGeForceGTX1080SCGAMINGACX3.008G-P4-6183-KR8GBGDDR5XLEDDX12,459.99,http://www.ebay.com/itm/EVGA-GeForce-GTX-1080-SC-GAMING-ACX-3-0-08G-P4-6183-KR-8GB-GDDR5X-LED-DX12-/332229337275?hash=item4d5a6960bb:g:wHAAAOSwblZZIKic
EVGAGeForceGTX1080FTWHYBRIDGAMING08G-P4-6288-KR8GBGDDR5XRGBLEDAl,460.0,http://www.ebay.com/itm/EVGA-GeForce-GTX-1080-FTW-HYBRID-GAMING-08G-P4-6288-KR-8GB-GDDR5X-RGB-LED-Al-/192189848369?hash=item2cbf685b31:g:RkIAAOSw~y9ZAgTl
gtx1080,450.0,http://www.ebay.com/itm/gtx-1080-/272673138896?hash=item3f7c95e8d0:g:oQsAAOSwurZZGi9o
GigabyteGeForceGTXGV-N1080G1GAMING-8GDVideoGraphicsCards,475.0,http://www.ebay.com/itm/Gigabyte-GeForce-GTX-GV-N1080G1-GAMING-8GD-Video-Graphics-Cards-/132188033743?hash=item1ec70552cf:g:i3wAAOSwZ4dZE0m-
EVGAGTX1080FTW8GBGDDR5X.MintCondition!VERYFASTSHIPPING!!!,479.0,http://www.ebay.com/itm/EVGA-GTX-1080-FTW-8GB-GDDR5X-Mint-Condition-VERY-FAST-SHIPPING-/162515909255?hash=item25d6b3fa87:g:dlUAAOSwfRdZGKfA
*MINT*EVGAGTX10808GBFoundersEdition08G-P4-6180-KRVideoCard-3yrwarrty,479.95,http://www.ebay.com/itm/MINT-EVGA-GTX-1080-8GB-Founders-Edition-08G-P4-6180-KR-Video-Card-3yr-warrty-/142365518271?hash=item2125a569bf:g:DKsAAOSw42JZA4rt
EVGAGTX1080FTW8GBGDDR5X.MintCondition!VERYFASTSHIPPING!!!,484.0,http://www.ebay.com/itm/EVGA-GTX-1080-FTW-8GB-GDDR5X-Mint-Condition-VERY-FAST-SHIPPING-/162515817476?hash=item25d6b29404:g:zgIAAOSwX61ZGI-p
MSIGTX1080GamingX,470.0,http://www.ebay.com/itm/MSI-GTX-1080-Gaming-X-/182586382774?hash=item2a82ff19b6:g:~MUAAOSw~FJZIlAy
MSIGeForceGTX1080AERO8GOCGraphicsCard8GBGDDR5NVIDIAVRBrandnew,475.0,http://www.ebay.com/itm/MSI-GeForce-GTX-1080-AERO-8G-OC-Graphics-Card-8GB-GDDR5-NVIDIA-VR-Brand-new-/272656482788?hash=item3f7b97c1e4:g:oPwAAOSwhvFZCjIL
NEWNVIDIAGeForceGTX1080VIDEOGRAPHICSCARD,474.99,http://www.ebay.com/itm/NEW-NVIDIA-GeForce-GTX-1080-VIDEO-GRAPHICS-CARD-/122467513173?hash=item1c83a1f355:g:O~QAAOSwuMZZAk73
|[MINT&CLEAN]MSINvidiaGeforceGTX10808GBGamingXGraphicsCard||WithBox|,469.95,http://www.ebay.com/itm/MINT-CLEAN-MSI-Nvidia-Geforce-GTX-1080-8GB-Gaming-X-Graphics-Card-With-Box-/122502015793?hash=item1c85b06b31:g:tGYAAOSwn-tZHP8s
*NEWSEALED*NvidiaGeForceGTX1080FOUNDERSEDITIONVideoGraphicsCard,489.99,http://www.ebay.com/itm/NEW-SEALED-Nvidia-GeForce-GTX-1080-FOUNDERS-EDITION-Video-Graphics-Card-/112374294824?hash=item1a2a07a928:g:ovAAAOSwdGFYrRrX
EVGAGeForceGTX10808GBGDDR5XGraphicsCard*BRANDNEW&SEALED*L@@K!!,465.0,http://www.ebay.com/itm/EVGA-GeForce-GTX-1080-8GB-GDDR5X-Graphics-Card-BRAND-NEW-SEALED-L-K-/252896617415?hash=item3ae1d023c7:g:dxQAAOSwAANY7V4d
EVGAGeForceGTX1080SCGAMINGACX3.08GBGDDR5XLEDDX12GraphicsCard,490.0,http://www.ebay.com/itm/EVGA-GeForce-GTX-1080-SC-GAMING-ACX-3-0-8GB-GDDR5X-LED-DX12-Graphics-Card-/282372995204?hash=item41bebdf884:g:zpkAAOSw2gxYr7sX
ASUSGeForceGTX10808GBROGSTRIXGraphicsCard(STRIX-GTX1080-A8G-GAMING),480.0,http://www.ebay.com/itm/ASUS-GeForce-GTX-1080-8GB-ROG-STRIX-Graphics-Card-STRIX-GTX1080-A8G-GAMING-/182584889607?hash=item2a82e85107:g:-DUAAOSwcB5ZILbJ
AsusGeforceGtx1080FoundersEditionGTX1080-8G8GBGDDR5XPciExpress3.0,495.0,http://www.ebay.com/itm/Asus-Geforce-Gtx-1080-Founders-Edition-GTX1080-8G-8GB-GDDR5X-Pci-Express-3-0-/182536727489?hash=item2a80096bc1:g:KnEAAOSw9OFZHRAj
NVIDIAGeForceGTX1080GAMINGACX3.0GraphicCard,496.78,http://www.ebay.com/itm/NVIDIA-GeForce-GTX-1080-GAMING-ACX-3-0-Graphic-Card-/132131056068?hash=item1ec39fe9c4:g:SAUAAOSwdGFYvgsN
NVIDIAFoundersEditionGeForceGTX10808GBGraphicsCard,499.0,http://www.ebay.com/itm/NVIDIA-Founders-Edition-GeForce-GTX-1080-8GB-Graphics-Card-/222511747780?hash=item33cebbd2c4:g:y6gAAOSwONBZAkUz
EVGAGeForceGTX1080graphicscard-GFGTX1080-8GB-08G-P4-6286-KR,499.0,http://www.ebay.com/itm/EVGA-GeForce-GTX-1080-graphics-card-GF-GTX-1080-8-GB-08G-P4-6286-KR-/122467301054?hash=item1c839eb6be:g:oWIAAOSwjqVZAi8b
EVGAGeForceGTX1080ACX3.0graphicscard-GFGTX1080-8GB-08G-P4-6181-KR,499.0,http://www.ebay.com/itm/EVGA-GeForce-GTX-1080-ACX-3-0-graphics-card-GF-GTX-1080-8-GB-08G-P4-6181-KR-/122476053158?hash=item1c842442a6:g:UKIAAOSwt0FZCM~N
MSIGTX10808GOCEDITIONExcellentCondition.VERYFASTSHIPPING!!!,499.0,http://www.ebay.com/itm/MSI-GTX-1080-8G-OC-EDITION-Excellent-Condition-VERY-FAST-SHIPPING-/162430466765?hash=item25d19c3acd:g:zIMAAOSwzgBYx3rO
GigabyteNvidiaGeForceGTX1080GV-N1080TTOC-8GDVideoGraphicsCards8GBFAST,499.76,http://www.ebay.com/itm/Gigabyte-Nvidia-GeForce-GTX-1080-GV-N1080TTOC-8GD-Video-Graphics-Cards-8GB-FAST-/232343091089?hash=item3618ba3791:g:EfoAAOSwB-1Y7kfh
EVGAGeForceGTX1080SCGAMINGACX3.08GBGDDR5XLEDDX12OSDSupport(PXOC,499.99,http://www.ebay.com/itm/EVGA-GeForce-GTX-1080-SC-GAMING-ACX-3-0-8GB-GDDR5X-LED-DX12-OSD-Support-PXOC-/282467539053?hash=item41c460986d:g:7GkAAOSwONBZEJFJ
GIGABYTEGeForceGTX10808GB256-BitGDDR5XPCI-EDirectX12GV-N1080D5X-8GD,489.0,http://www.ebay.com/itm/GIGABYTE-GeForce-GTX-1080-8GB-256-Bit-GDDR5X-PCI-E-DirectX-12-GV-N1080D5X-8GD-/262951660891?hash=item3d3923ed5b:g:-lYAAOSwSlBY3xjJ
EVGAGeforceGTX1080Superclocked,490.0,http://www.ebay.com/itm/EVGA-Geforce-GTX-1080-Superclocked-/322522924387?hash=item4b17dd4563:g:hYIAAOSwsXFZICAd
MSIGeForceGTX1080SeaHawkX,485.98,http://www.ebay.com/itm/MSI-GeForce-GTX-1080-Sea-Hawk-X-/222514481186?hash=item33cee58822:g:4gQAAOSwlndZHFin
GIGABYTEGeForceGTX1080DirectX12GV-N1080WF3OC-8GD8GB256-BitGDDR5XPCIEx,499.99,http://www.ebay.com/itm/GIGABYTE-GeForce-GTX-1080-DirectX-12-GV-N1080WF3OC-8GD-8GB-256-Bit-GDDR5X-PCI-Ex-/302026275977?hash=item46522b3c89:g:AbMAAOSwaB5XuFfa
GIGABYTEGeForceGTX10808GBG1RockVideoCard,499.99,http://www.ebay.com/itm/GIGABYTE-GeForce-GTX-1080-8GB-G1-Rock-Video-Card-/382026030261?hash=item58f2869cb5:g:yKgAAOSwc-tY36ep
EVGAGeForceGTX1080DirectX1208G-P4-5180-KR8GB256-BitGDDR5XPCIExpress3,499.99,http://www.ebay.com/itm/EVGA-GeForce-GTX-1080-DirectX-12-08G-P4-5180-KR-8GB-256-Bit-GDDR5X-PCI-Express-3-/381814031999?hash=item58e5e3c67f:g:RToAAOSwmLlYANlq
MSIGeForceGTX1080DirectX12GTX1080DUKE8GOC8GB256-BitGDDR5XPCIExpre,499.99,http://www.ebay.com/itm/MSI-GeForce-GTX-1080-DirectX-12-GTX-1080-DUKE-8G-OC-8GB-256-Bit-GDDR5X-PCI-Expre-/302228329964?hash=item465e3655ec:g:OqIAAOSwSlBY3QPb
"NEWSEALED"EVGA-NVIDIAGeForceGTX10808GBGDDR5X08g-p4-6183-krNEWSEALED,489.99,http://www.ebay.com/itm/NEW-SEALED-EVGA-NVIDIA-GeForce-GTX-1080-8GB-GDDR5X-08g-p4-6183-kr-NEW-SEALED-/172683838778?hash=item2834c2453a:g:KpoAAOSw03lY7qf8
GIGABYTEGeForceGTX1080DirectX12GV-N1080D5X-8GD8GB256-BitGDDR5X,499.0,http://www.ebay.com/itm/GIGABYTE-GeForce-GTX-1080-DirectX-12-GV-N1080D5X-8GD-8GB-256-Bit-GDDR5X-/162511321014?hash=item25d66df7b6:g:p1cAAOSw3gJZE1kT
asusstrixgtx1080a8g,499.0,http://www.ebay.com/itm/asus-strix-gtx-1080-a8g-/182582086590?hash=item2a82bd8bbe:g:h-0AAOSwlY1ZHjAM
ASUSGTXOC8GBDirectcuiiCardSTRIX-GTX1080-8G-GAMINGspecialedition.,490.0,http://www.ebay.com/itm/ASUS-GTX-OC-8GB-Direct-cu-ii-Card-STRIX-GTX1080-8G-GAMING-special-edition-/382059014771?hash=item58f47dea73:g:LDAAAOSw2gxYo59~
PNYGeForceGTX1080FoundersEdition8GBGDDR5XVCGGTX10808PB-CG,499.99,http://www.ebay.com/itm/PNY-GeForce-GTX-1080-Founders-Edition-8GB-GDDR5X-VCGGTX10808PB-CG-/162519598850?hash=item25d6ec4702:g:~bAAAOSwuMZZHIms
NEWNVIDIAGeForceGTX1080FOUNDERSEDITIONVIDEOGRAPHICSCARD,489.99,http://www.ebay.com/itm/NEW-NVIDIA-GeForce-GTX-1080-FOUNDERS-EDITION-VIDEO-GRAPHICS-CARD-/262997379327?hash=item3d3bdd88ff:g:BaMAAOSwA3dYF5GQ
*NEW&SEALED*NVIDIAGeForceGTX1080FEGraphicsCardPART#900-1G413-2500-001,499.0,http://www.ebay.com/itm/NEW-SEALED-NVIDIA-GeForce-GTX-1080-FE-Graphics-Card-PART-900-1G413-2500-001-/292113383075?hash=item4403507ea3:g:FikAAOSwCQZZE854
NewinBoxPNYGeForceGTX1080-Graphicscard-GFGTX1080-8GBGDDR5X,469.99,http://www.ebay.com/itm/New-in-Box-PNY-GeForce-GTX-1080-Graphics-card-GF-GTX-1080-8-GB-GDDR5X-/142269642473?hash=item211fee76e9:g:0dAAAOSw44BYXs81
EVGAGeForceGTX1080FoundersEdition8GBGDDR5XLEDDX12OSDSupport(PXOC),499.99,http://www.ebay.com/itm/EVGA-GeForce-GTX-1080-Founders-Edition-8GB-GDDR5X-LED-DX12-OSD-Support-PXOC-/162465357852?hash=item25d3b0a01c:g:8esAAOSwr~lYsgMe
